{"d_loss": 2.5334670543670654, "g_loss": -0.4433606266975403, "epoch": 1, "_timestamp": 1717592794.77073, "_runtime": 120.23977303504944, "_step": 117, "_wandb": {"runtime": 119}}