{"d_loss": 1.5342597961425781, "g_loss": -1.297166347503662, "epoch": 1, "_timestamp": 1717592656.740212, "_runtime": 745.9037590026855, "_step": 1272, "_wandb": {"runtime": 746}}